,diagonal,height_left,height_right,margin_low,margin_up,length
1218,171.68,104.67,103.71,5.26,3.22,111.32
630,172.49,104.33,104.03,4.28,3.07,112.71
501,171.87,103.73,103.69,4.06,3.1,112.96
10,171.83,104.14,103.62,3.16,3.18,113.22
944,171.66,103.68,103.41,4.35,3.33,113.74
684,172.13,103.76,103.85,3.65,3.24,112.92
1455,171.56,103.65,103.75,4.85,3.56,111.31
1409,171.9,104.09,104.73,4.59,3.27,112.47
209,172.23,103.25,103.97,4.01,3.38,113.9
305,171.83,104.65,103.66,3.83,2.95,113.28
1143,171.9,104.25,104.64,4.46,3.07,110.86
1411,171.95,104.39,104.31,5.98,3.23,111.33
937,171.64,103.6,103.76,4.42,2.98,112.94
1248,172.31,103.97,104.03,4.6,3.14,111.17
1065,171.87,104.21,103.82,4.81,3.12,112.06
161,172.31,103.89,103.78,4.49,3.06,113.34
575,171.99,104.1,103.57,3.64,3.42,113.64
1156,171.78,104.33,103.58,6.01,3.26,111.3
1102,172.31,104.11,103.74,4.96,3.6,111.78
1412,172.25,103.94,103.68,4.14,3.25,112.48
994,172.11,104.12,103.83,3.9,2.72,113.28
1045,172.4,104.05,103.94,5.01,3.43,111.53
1258,172.42,103.69,104.29,5.25,3.33,110.7
888,172.15,104.28,103.67,4.28,3.24,113.35
792,172.28,103.98,103.98,4.51,2.92,113.07
978,172.43,103.65,104.3,4.09,2.94,113.06
118,171.92,103.6,103.36,4.23,2.93,113.51
1001,171.92,103.86,104.3,4.96,3.13,111.29
697,171.9,104.0,104.07,4.52,3.09,113.6
610,171.8,103.71,103.67,4.48,3.18,112.76
740,171.95,103.84,103.68,3.79,3.09,112.68
832,171.8,104.3,103.58,4.75,3.0,112.94
470,171.73,104.02,103.92,4.1,3.19,112.87
217,172.37,104.32,103.52,3.96,3.11,112.84
744,172.1,103.95,103.72,4.49,3.07,113.15
1191,171.42,103.87,104.51,5.07,3.3,110.22
1327,171.78,104.51,104.06,5.9,3.18,111.91
983,172.33,103.69,103.66,3.76,3.09,113.66
1016,171.99,104.23,104.33,5.13,3.21,110.99
1481,172.17,104.33,104.53,5.06,3.71,111.75
1269,172.04,104.37,104.09,4.81,3.5,111.25
1198,172.05,104.2,104.11,4.09,3.37,111.18
471,172.58,104.17,103.13,4.64,3.17,113.05
283,172.47,103.57,103.89,4.6,3.2,112.93
411,172.27,104.06,103.71,3.74,3.21,113.48
315,171.99,103.6,103.43,4.57,2.96,113.09
1040,171.91,104.08,104.16,5.91,3.41,111.32
936,172.17,104.06,103.37,4.32,3.31,113.66
1386,172.05,104.22,104.05,5.87,3.18,111.13
1308,172.36,104.02,104.32,5.62,3.4,112.13
641,171.79,103.51,103.25,4.05,3.08,112.71
776,171.26,103.87,104.41,4.43,2.88,113.9
1093,172.08,104.33,103.94,4.77,3.64,110.68
395,171.82,104.33,103.83,3.92,2.73,112.99
569,171.93,104.08,103.78,4.03,2.85,113.61
1378,171.41,104.2,103.73,4.31,3.32,111.74
302,171.65,103.22,104.11,3.51,3.04,113.4
418,172.02,104.23,103.97,4.3,2.93,113.79
945,172.09,103.74,103.52,4.237414809012414,3.02,112.78
931,171.83,104.01,103.92,4.35,3.08,112.47
628,171.44,103.52,103.49,4.09,3.12,113.23
542,171.64,103.95,103.45,3.98,3.11,113.21
1424,171.68,103.9,104.41,4.74,3.29,111.85
172,172.26,104.09,103.56,3.53,2.99,113.1
1003,172.02,104.33,104.33,5.19,3.21,111.99
1216,171.93,104.09,104.51,4.87,3.58,111.63
1078,172.21,104.4,104.28,5.28,3.42,112.99
1106,172.08,103.95,103.9,5.45,3.29,112.03
368,171.65,103.58,104.21,3.91,3.3,113.42
939,171.94,104.64,103.7,4.36,2.98,112.83
1101,171.86,104.49,103.87,5.21,3.6,111.11
894,172.02,103.67,104.22,4.4,3.04,113.33
24,172.22,103.75,103.89,4.18,3.19,113.34
1176,171.59,104.05,103.94,5.0675839987262705,3.02,111.29
997,171.78,103.38,104.22,4.23,3.07,113.77
322,171.75,104.13,103.91,4.24,2.97,113.33
760,171.54,103.7,103.89,3.88,3.1,113.06
689,172.22,103.75,103.49,3.69,3.17,113.14
55,171.56,103.42,103.64,3.77,3.04,113.3
437,171.65,103.88,103.59,3.94,3.05,113.28
959,172.31,103.98,103.53,4.04,2.97,113.47
668,171.96,103.51,103.75,4.06,3.33,113.53
12,171.89,103.89,103.4,4.11,2.96,113.24
435,171.55,103.92,103.77,4.12,3.25,113.19
8,172.47,103.92,103.67,4.0,3.25,112.85
476,171.41,104.47,104.08,3.87,3.18,113.14
985,171.88,103.87,104.02,4.12,3.33,112.47
86,172.01,104.58,103.89,3.96,2.87,113.28
431,172.14,103.8,103.56,3.94,3.12,113.38
562,172.45,103.78,103.79,3.9,2.87,112.34
378,172.06,104.24,103.66,4.24,3.1,113.02
925,171.82,103.61,103.84,3.99,2.73,113.4
1144,171.88,103.84,104.18,5.02,3.05,112.07
923,171.49,104.24,104.32,3.58,3.07,113.8
124,171.89,103.63,104.12,4.37,3.06,113.38
746,172.02,103.73,103.31,4.35,3.07,113.62
890,172.35,104.04,104.18,4.47,3.03,113.15
0,171.81,104.86,104.95,4.52,2.89,112.83
1284,172.1,104.16,104.34,6.0,3.09,111.62
688,172.11,103.67,103.43,4.19,2.98,113.09
426,171.91,103.99,103.5,3.41,2.92,113.02
1415,171.93,104.58,104.35,6.04,3.46,111.46
187,172.74,104.05,104.17,3.68,3.38,113.12
1227,172.26,103.94,103.95,5.7,3.26,112.61
580,171.76,104.48,104.01,4.35,3.37,113.09
87,171.7,103.75,103.4,4.47,3.28,113.57
737,172.16,104.39,103.85,3.77,3.32,112.55
364,172.29,103.83,103.25,3.62,2.99,113.13
857,172.18,104.04,104.12,4.26,3.34,113.67
39,172.28,104.11,104.19,3.93,3.08,113.51
1318,171.91,103.99,104.23,5.01,3.42,111.77
1268,171.94,104.38,103.81,4.87,3.39,111.22
225,171.29,104.22,104.16,4.37,3.14,113.3
65,172.08,104.49,103.96,4.38,3.14,113.42
986,171.92,103.61,103.83,4.08,2.72,112.4
1419,172.13,104.33,103.69,4.75,3.08,110.75
156,171.57,103.98,103.4,4.05,2.74,113.7
1068,171.89,104.49,104.38,5.2,3.63,110.48
1296,171.55,104.46,104.36,4.69,3.31,111.57
1421,172.24,104.11,103.55,5.02,3.63,111.33
884,172.57,103.78,103.65,4.27,3.04,113.0
130,171.66,103.43,103.54,4.38,3.51,113.2
247,172.45,103.97,104.32,4.15,3.23,113.45
535,171.68,104.18,103.89,4.4,3.33,113.21
786,171.42,103.33,103.54,3.87,3.39,112.87
242,171.74,103.95,103.78,4.74,3.29,113.04
179,171.66,104.16,103.94,4.05,3.04,113.09
1414,171.92,104.17,104.11,5.59,3.14,112.2
1199,172.03,104.32,104.87,4.49,3.77,111.04
423,171.7,104.32,104.07,4.21,2.67,112.73
935,171.52,103.85,103.75,3.95,3.09,112.97
1153,172.42,104.33,104.4,5.34,3.13,112.11
492,172.33,104.46,103.79,4.08,2.94,113.39
1146,171.94,104.53,103.81,5.07,3.14,112.46
373,171.65,104.29,103.81,4.26,3.05,113.58
298,172.43,103.83,104.13,3.72,2.81,113.27
1332,172.09,104.4,104.21,5.28,3.41,112.11
591,171.67,103.81,103.76,4.59,3.3,112.18
769,171.99,103.27,103.31,3.78,3.0,113.51
1142,171.04,104.23,104.22,4.87,3.56,111.54
633,172.4,104.19,103.98,4.08,2.93,113.44
1076,171.57,104.27,104.44,5.050277150985416,3.21,111.87
1152,171.83,103.83,103.92,5.34,3.22,112.03
442,172.03,103.73,104.19,3.75,2.87,112.49
1260,171.88,103.89,104.41,4.75,3.59,112.1
202,172.11,103.98,104.02,4.17,3.24,112.96
337,171.59,103.8,103.95,4.09,2.89,113.27
1490,171.82,104.32,104.05,6.06,3.03,111.68
540,171.96,103.68,103.84,4.46,3.07,112.74
553,171.51,104.49,103.4,3.85,3.12,112.76
452,171.68,103.48,103.47,3.32,3.11,112.46
843,172.61,103.98,103.73,3.87,3.16,113.11
1249,171.45,104.03,104.26,4.88,3.44,111.92
953,171.66,103.54,104.16,4.0,3.33,113.53
588,171.92,103.67,104.24,4.11,3.09,113.23
1405,171.79,104.3,104.31,5.65,3.11,111.8
892,172.63,104.13,104.17,3.77,3.45,113.34
530,171.9,103.94,103.38,3.67,2.87,113.28
629,172.01,104.03,103.67,3.9,3.18,112.61
251,171.8,103.26,102.82,3.8033083053644106,2.95,113.22
371,171.91,104.05,103.97,3.88,3.12,113.62
312,172.07,104.09,103.7,4.11,3.0,113.19
340,172.52,103.9,104.03,3.97,2.98,113.3
61,171.9,103.46,104.22,3.99,3.0,113.08
1111,172.03,104.52,103.96,4.3,3.48,112.16
150,171.72,103.91,104.57,4.08,2.79,113.44
20,171.87,103.91,103.96,3.74,2.97,113.59
1408,171.99,103.95,104.27,5.46,3.48,111.06
1447,172.07,104.25,103.62,5.1,3.31,111.28
928,172.39,104.08,103.76,3.85,2.95,113.23
181,172.37,103.31,103.5,3.79,3.13,112.43
409,172.06,103.96,103.72,4.18,3.15,113.17
972,171.4,103.88,103.54,3.75,2.8,113.01
607,171.91,104.17,103.62,4.01,2.89,112.73
262,171.91,103.97,103.81,3.96,3.03,112.64
954,171.77,103.63,103.59,3.52,3.32,112.77
512,171.95,104.09,103.73,4.34,3.07,113.49
1155,172.36,104.04,104.31,4.76,3.56,111.57
703,172.1,103.85,103.68,4.25,2.91,113.4
1161,171.92,104.29,104.27,5.76,3.13,111.37
140,172.47,103.82,103.59,3.85,2.77,113.17
871,171.37,104.07,103.75,4.249628955981677,3.07,113.27
877,171.95,103.62,103.91,4.91,2.9,113.17
1006,171.63,104.05,104.25,4.61,3.1,110.91
193,172.35,103.73,102.95,4.49,3.37,112.49
339,172.26,103.88,104.15,4.3,2.98,113.24
333,171.53,104.56,103.9,3.99,3.08,113.15
791,171.82,103.67,103.8,4.6,3.49,113.32
648,172.22,104.48,104.06,4.59,2.91,112.82
964,171.84,103.72,103.57,4.33,2.83,113.31
1253,171.8,104.51,104.57,5.5,3.3,112.94
764,171.74,103.59,103.94,3.96,3.12,113.71
468,171.83,103.97,104.0,3.72,3.13,113.83
1477,172.16,104.23,104.19,5.09,3.61,112.43
1375,171.74,104.41,104.08,4.66,3.22,111.04
1416,171.76,104.25,104.65,4.25,3.22,111.45
422,171.53,103.53,103.63,4.04,2.96,112.76
165,171.81,103.53,103.76,3.91,2.87,113.52
1148,171.84,104.63,104.43,5.24,3.21,111.48
663,171.8,103.78,103.65,3.73,3.12,113.63
1496,172.19,104.63,104.44,5.27,3.37,110.97
1274,171.96,104.0,103.95,5.63,3.26,110.96
520,172.12,103.66,104.22,3.81,3.04,112.97
1083,171.85,103.6,103.82,4.6,3.21,112.5
436,171.88,104.58,104.31,4.88,2.82,113.71
976,172.31,104.29,103.72,3.98,2.87,112.4
195,172.22,103.59,103.81,3.47,3.34,113.23
1458,171.65,104.0,104.53,5.69,3.41,111.09
82,172.08,103.93,103.85,4.3,3.26,113.65
1013,171.98,104.18,103.59,5.44,3.39,112.07
9,172.47,104.07,104.02,4.04,3.25,113.45
816,171.84,103.62,103.93,4.29,2.95,113.22
1104,171.95,103.89,103.69,4.45,3.42,112.02
1499,171.47,104.15,103.82,4.63,3.37,112.07
288,172.21,104.22,103.57,3.57,3.17,112.43
377,171.94,104.34,103.71,3.67,3.17,112.68
514,171.43,104.42,103.41,4.06,3.13,113.26
403,171.95,104.03,103.68,4.11,2.75,113.62
646,171.59,103.23,103.64,4.01,2.94,113.59
802,171.35,104.62,103.58,4.32,2.88,113.42
1240,172.16,104.12,104.21,5.01,3.43,110.99
483,172.14,103.91,103.65,4.19,3.23,113.54
1352,171.62,104.21,103.99,5.5,3.45,111.35
160,172.26,104.46,103.6,4.18,3.31,113.0
1228,172.27,104.36,103.68,5.74,3.51,112.35
457,171.75,103.48,103.94,3.76,2.97,113.28
303,172.02,103.45,103.79,3.91,3.0,113.12
48,172.07,104.05,103.82,3.71,3.61,113.05
188,172.1,104.05,103.84,3.76,3.17,113.44
1367,171.6,104.37,104.2,5.82,3.08,112.84
980,172.12,104.08,104.49,4.09,3.56,113.5
1086,171.54,104.53,104.15,5.69,3.43,111.7
1077,171.8,104.12,104.06,5.66,3.29,111.09
1397,172.24,104.32,103.83,5.6,3.44,111.37
142,172.18,104.46,103.8,4.31,2.84,113.58
841,172.36,103.92,103.08,3.69,3.1,112.88
789,172.0,103.84,103.72,4.77,2.87,113.84
417,172.73,104.02,104.18,3.74,3.2,113.52
1453,171.55,104.2,104.49,5.42,3.54,109.93
410,172.56,103.72,103.51,4.135034176135996,3.12,112.95
859,171.85,103.85,103.45,3.85,3.09,113.1
1029,171.96,104.29,104.03,6.01,3.91,110.83
672,172.19,104.61,103.69,4.0,3.26,112.91
1110,171.73,104.32,104.07,6.56,3.3,112.8
564,172.0,104.1,104.36,3.83,2.92,113.0
464,172.16,103.87,103.34,4.32,2.91,113.47
274,171.52,103.74,104.1,4.47,2.87,113.58
1491,171.79,104.18,104.54,5.13,3.51,112.4
810,172.17,104.44,103.31,4.15,3.31,112.96
528,172.32,103.69,103.6,4.24,3.29,112.74
123,171.62,104.24,103.85,4.08,2.9,112.87
201,171.71,104.27,104.19,3.56,3.15,112.71
1445,172.14,104.39,104.1,4.44,3.34,111.86
249,171.67,103.74,103.7,4.01,2.87,113.29
563,171.87,103.99,104.11,3.66,3.15,113.35
852,171.92,103.72,103.66,4.41,2.65,113.4
361,172.19,104.09,103.82,3.82,3.04,113.13
163,171.9,103.4,103.45,4.09,3.33,112.97
1294,172.4,104.27,104.18,4.92,3.17,111.79
537,171.61,103.86,104.06,4.31,3.1,112.64
1305,172.1,104.36,104.08,4.96,3.46,111.93
463,172.19,104.14,103.59,4.11,3.08,113.81
184,171.84,103.71,103.9,4.61,2.82,112.68
77,171.84,104.09,103.03,4.11,2.77,113.18
654,171.97,103.69,103.54,4.1606074648789,2.7,112.79
603,172.08,104.03,103.42,3.79,2.77,113.27
751,172.67,104.69,104.18,4.31,2.94,113.59
820,171.88,104.44,103.5,4.53,3.06,113.52
595,171.96,103.83,103.87,3.52,2.71,113.52
433,171.71,103.71,103.36,4.1,3.17,113.07
804,171.34,103.95,103.29,4.89,2.76,112.58
1245,172.26,104.04,104.43,3.82,3.47,111.95
293,172.5,103.81,103.83,4.19,3.01,113.18
372,171.43,103.49,103.99,4.07,2.94,113.07
399,171.52,104.08,104.06,4.41,3.36,113.32
255,171.82,103.49,103.47,4.79,3.11,113.41
988,172.25,103.99,103.84,3.81,2.99,113.36
727,172.05,103.72,103.81,4.21,2.97,113.61
1450,172.72,104.05,104.17,4.21,3.37,111.53
108,171.91,104.23,104.14,3.59,3.11,113.42
1188,171.74,103.77,104.31,4.99,3.4,111.52
692,172.49,103.92,103.91,4.42,2.84,113.38
1320,172.05,104.6,104.32,5.12,3.35,111.78
1319,171.74,104.4,104.39,4.87,3.06,112.0
198,171.9,104.14,103.75,4.56,2.97,113.0
421,171.19,103.95,103.73,3.96,2.94,113.25
280,171.85,103.64,103.63,3.73,3.29,112.95
2,172.69,104.48,103.5,4.4,2.94,113.16
960,171.87,103.88,104.07,3.8,2.9,113.36
742,172.14,104.06,103.96,4.341643223304743,3.24,113.07
159,172.15,103.74,103.92,4.64,3.35,113.19
515,172.21,103.25,103.78,4.48,3.0,113.25
149,171.91,103.97,103.6,4.66,3.03,114.04
1371,171.86,104.12,104.1,6.01,3.34,111.91
767,172.62,104.0,104.03,4.31,3.29,113.1
1173,172.12,104.38,104.31,4.82,3.18,111.82
458,172.0,104.07,103.55,3.86,3.3,114.03
33,171.85,104.1,103.88,4.13,2.93,112.93
1058,171.98,104.33,104.28,4.86,3.45,111.55
1385,171.46,104.4,104.3,5.2,3.3,111.58
1190,171.45,104.21,104.18,4.55,3.52,113.21
16,171.3,104.19,103.7,4.12,2.82,112.87
1485,172.52,104.48,104.17,5.16,3.39,110.71
47,172.13,104.15,103.93,3.97,2.87,113.31
338,171.69,104.3,103.94,4.27,2.96,113.43
566,172.15,103.51,103.76,4.26,3.13,112.94
915,172.37,104.11,104.09,4.78,3.09,113.42
897,172.0,103.65,103.83,2.98,2.76,113.17
472,171.97,104.04,104.24,4.23,2.84,113.54
849,172.02,104.07,104.13,3.72,2.96,112.56
1169,171.99,104.14,104.15,6.48,3.42,112.16
511,172.44,103.69,104.16,3.73,3.14,112.98
521,171.89,104.3,103.57,3.98,2.75,112.92
50,171.95,104.02,103.82,4.28,3.0,113.28
307,172.24,104.22,103.67,4.3,3.33,113.13
797,171.96,104.18,104.04,4.57,2.86,113.58
799,172.5,104.03,103.79,4.27,2.9,112.72
1407,172.02,103.99,104.28,4.22,2.98,112.42
552,171.86,103.93,103.8,4.27,2.86,113.97
755,171.62,104.12,103.81,4.38,3.13,112.64
592,171.99,103.54,103.44,3.8,3.08,113.04
481,171.81,103.53,103.96,3.7685537824746405,2.71,113.99
809,172.01,103.51,103.48,4.42,3.13,113.5
652,172.14,103.74,103.52,4.56,2.83,113.43
95,172.0,103.83,103.82,4.64,3.32,113.0
589,172.04,104.16,104.05,4.0,3.28,112.78
488,172.19,104.07,104.02,4.19,3.37,113.27
213,172.26,103.75,103.87,3.95,3.1,113.08
759,172.24,104.06,103.53,4.13,2.89,112.38
330,171.99,104.12,104.18,4.41,2.75,113.18
618,172.22,103.75,103.55,3.93,3.05,113.48
376,171.74,104.53,103.38,4.39,3.0,112.85
1179,171.47,104.28,103.89,5.78,3.21,111.8
644,171.81,103.91,103.78,3.66,3.28,113.59
770,171.8,104.17,103.8,4.67,2.88,113.03
782,172.25,104.02,104.16,3.87,3.16,113.77
388,172.42,104.07,103.73,4.23,3.11,113.27
1443,172.19,104.26,104.12,5.23,3.49,110.52
412,172.44,103.96,103.86,4.02,3.09,112.81
717,172.43,103.97,103.93,3.99,3.08,112.66
1075,172.02,104.51,103.69,6.23,3.39,112.35
111,172.03,103.96,103.58,4.06,2.85,113.02
661,171.69,104.22,104.62,4.11,3.25,113.4
917,171.99,103.62,103.42,3.48,3.37,112.94
1287,171.31,103.95,104.07,5.14,3.41,112.44
1297,171.96,104.47,104.06,4.84,3.76,111.04
1463,172.23,104.27,104.28,4.35,3.68,111.64
756,171.72,103.95,104.11,3.75,3.13,113.51
1171,171.86,103.94,103.81,5.12,3.23,111.55
1281,171.62,104.53,103.64,4.89,3.16,112.54
341,171.9,104.21,104.21,4.77,3.38,113.2
885,171.71,104.14,103.99,4.49,3.15,113.21
625,172.05,103.42,104.1,4.45,2.99,112.67
1167,171.84,104.21,104.07,5.85,3.5,111.16
1046,172.07,104.36,104.04,5.6,3.29,111.73
1212,171.9,104.33,104.4,4.7,3.31,112.12
467,171.8,104.06,103.57,4.06,3.14,112.98
63,171.98,103.92,103.57,4.14,2.75,113.13
1266,171.67,104.12,103.98,5.68,3.18,111.55
969,171.75,103.6,103.06,4.03,2.98,112.96
775,172.53,104.29,103.87,4.17,2.98,112.64
905,171.99,104.76,104.55,4.39,3.02,113.7
846,171.83,104.01,103.88,4.18,3.04,112.69
1461,171.92,104.66,104.31,5.15,3.33,112.75
576,172.03,103.63,104.0,3.7,3.37,113.77
1334,172.22,104.41,104.64,5.2,3.37,112.2
270,172.11,103.98,104.33,4.3,2.91,112.72
926,172.15,103.98,103.89,4.21,3.08,113.61
638,171.81,104.1,103.69,4.29,2.95,112.72
1372,171.38,104.04,104.2,5.54,3.38,112.8
620,171.87,103.4,103.82,4.06,2.94,113.02
1264,171.92,104.33,104.06,4.45,3.41,111.46
930,172.36,103.52,103.7,4.17,3.29,113.33
102,172.05,103.69,103.89,4.42,3.15,112.67
152,171.97,104.29,104.04,4.46,2.97,113.81
956,172.22,103.72,103.8,4.36,3.22,112.84
1162,172.46,103.87,104.36,5.56,3.33,110.69
1108,171.78,104.24,103.94,4.64,3.11,111.31
487,171.75,103.89,103.81,3.64,2.92,113.48
547,172.37,104.41,103.75,3.71,2.8,113.41
545,171.99,103.75,104.14,4.19,2.82,112.83
316,171.91,103.99,103.81,4.0,2.88,113.02
79,171.58,103.71,103.57,4.49,3.14,113.65
800,171.96,104.09,103.67,3.75,2.58,113.28
1261,171.56,104.03,103.93,5.47,3.5,111.67
1060,171.75,104.34,104.58,4.26,3.29,110.98
485,171.83,104.29,103.58,4.0,3.32,113.21
921,171.36,103.72,104.76,4.17,2.88,113.14
1293,171.57,104.29,104.28,5.12,3.68,110.98
317,171.51,104.34,103.49,4.29,3.03,113.42
73,171.35,103.58,103.59,4.08,2.85,114.09
749,171.77,103.73,103.48,4.21,2.92,113.24
214,172.1,103.61,103.79,4.86,3.14,112.89
864,171.68,103.54,104.31,3.9,3.1,112.91
682,172.24,104.51,103.97,4.18,3.22,113.21
967,172.36,104.09,103.75,3.98,2.93,112.7
106,172.27,103.95,103.75,3.94,3.19,114.04
407,172.5,103.39,103.99,4.45,3.06,113.48
1354,171.67,103.79,103.44,5.13,3.32,111.47
1008,172.3,104.28,103.9,5.1,3.57,110.66
1433,172.43,104.18,104.43,4.57,3.65,111.92
349,172.08,104.17,103.48,4.62,2.87,113.52
1133,171.79,103.99,103.67,6.16,3.52,110.93
675,171.6,103.85,103.91,4.094064533835507,2.56,113.27
882,172.16,103.77,103.63,4.06,3.12,113.02
383,171.71,104.22,103.72,4.35,3.29,113.51
590,171.85,103.58,104.17,4.32,3.07,113.59
304,172.3,103.88,103.85,4.22,3.09,113.1
443,171.61,103.93,103.41,4.45,2.95,113.19
1413,171.83,104.42,104.03,6.0,2.95,112.98
92,171.81,104.14,103.35,4.03,3.03,112.83
94,172.34,104.26,103.76,4.01,3.17,113.28
1241,171.66,104.17,104.02,4.71,3.22,110.91
637,171.51,103.85,103.36,4.49,2.8,113.87
1465,172.17,103.89,103.87,5.22,3.68,110.68
311,172.58,103.99,103.63,4.43,3.07,112.79
1138,172.01,104.06,104.12,5.71,3.35,111.01
455,171.7,103.57,104.2,4.22,2.81,112.71
812,171.58,103.34,103.82,3.53,2.92,113.63
54,172.02,103.58,103.8,3.95,3.46,112.4
642,171.85,103.9,103.74,4.13,3.07,113.15
348,171.87,103.77,104.23,4.1,3.08,112.44
5,172.17,103.74,104.08,4.42,2.95,112.81
622,171.56,104.32,104.33,3.92,2.97,113.04
1493,171.63,104.33,104.61,4.88,3.35,112.16
382,172.28,104.62,103.8,4.08,3.08,113.26
278,171.86,104.15,103.5,4.31,2.92,113.87
922,172.24,103.95,103.52,4.33,2.88,113.48
134,172.27,104.12,103.96,4.12,2.74,113.12
1159,171.47,104.33,104.03,5.25,3.01,111.68
1041,171.77,104.12,104.42,6.65,3.63,111.53
191,171.86,104.7,103.62,4.01,3.34,112.89
541,171.49,103.63,103.83,3.85,3.26,113.1
276,171.62,104.11,103.71,4.33,3.14,113.14
1064,171.87,104.16,104.44,6.04,3.32,111.99
1452,171.93,104.15,103.98,4.57,3.57,112.71
208,171.59,103.8,104.08,4.18,3.17,113.04
784,172.51,103.78,103.94,4.24,3.39,113.13
739,172.07,103.74,103.76,4.470650374835834,3.09,112.41
186,172.21,103.48,104.04,4.4,3.0,113.15
1226,171.6,103.9,104.29,6.11,3.55,110.77
252,171.68,104.27,104.07,4.08,3.34,113.57
783,172.28,104.03,104.14,4.48,3.07,113.32
136,172.06,104.19,103.59,4.39,3.22,113.69
1381,172.08,104.04,103.44,5.39,3.19,111.04
1289,171.57,104.08,104.12,5.46,3.21,111.49
1422,171.49,104.12,104.33,5.93,3.09,111.56
722,172.3,104.04,103.93,4.33,2.92,113.19
248,172.12,104.03,104.02,4.38,2.83,113.03
1304,171.91,104.0,104.49,4.68,3.42,111.82
1271,172.4,104.42,104.18,4.62,3.31,111.27
397,172.15,104.18,103.53,3.92,3.3,113.42
1175,172.13,104.06,103.92,5.54,3.13,111.01
76,171.65,103.3,103.55,4.14,3.37,112.87
1393,171.67,104.08,104.73,4.93,3.31,111.81
1238,172.27,103.88,104.16,5.91,3.31,110.91
258,171.71,103.53,103.78,3.89,3.03,113.51
536,172.38,103.64,103.81,4.46,3.14,114.07
128,171.96,104.34,103.85,3.95,3.28,113.73
430,172.12,104.08,103.93,4.72,3.18,113.38
1004,172.55,104.25,104.23,5.6,3.13,111.72
831,172.1,103.57,103.8,4.2,3.02,113.27
907,171.99,104.44,103.88,4.04,2.89,113.01
777,172.26,104.03,103.98,3.97,2.97,112.89
320,172.07,104.35,104.43,4.1,3.02,112.76
974,172.06,104.08,103.47,4.47,2.97,114.32
416,172.44,104.11,104.25,4.53,3.18,113.41
1342,171.97,104.38,104.18,5.59,3.47,110.98
162,172.09,104.05,104.26,4.1,2.95,113.68
914,171.65,103.82,103.37,4.37,2.98,113.04
69,171.98,104.16,103.76,4.08,2.94,113.08
1451,171.94,104.2,103.81,5.1,3.43,111.69
544,172.25,104.08,103.59,4.52,3.01,113.46
1034,172.35,103.79,104.35,5.18,3.35,112.02
148,172.46,103.99,104.04,4.14,2.68,112.93
291,171.77,103.79,104.11,3.92,3.18,113.33
7,171.88,103.76,104.08,3.98,2.92,113.08
657,171.82,103.77,103.79,4.36,2.77,113.79
912,172.25,103.93,103.49,4.17,2.8,113.56
705,172.46,103.75,104.02,4.26,3.22,113.63
287,171.92,104.12,104.15,3.83,2.88,112.65
1457,171.34,104.43,104.28,4.7,3.39,111.01
525,171.97,103.61,103.6,4.89,3.17,112.96
13,172.2,104.35,103.67,4.44,3.38,113.65
351,172.06,103.82,103.73,4.18,2.6,112.64
480,171.97,103.62,103.64,4.47,2.65,113.7
182,171.94,104.44,104.13,3.32,3.02,113.49
948,171.84,104.39,103.83,3.77,2.97,113.05
893,172.2,103.52,103.78,3.66,3.4,113.35
548,172.05,103.75,103.47,4.19,2.98,112.89
608,172.34,104.5,103.66,4.19,3.08,112.68
277,172.08,104.16,104.17,3.54,3.29,112.71
1200,171.99,104.04,104.25,4.77,3.43,111.83
68,171.6,103.55,103.74,3.79,2.86,112.82
459,171.64,104.45,103.97,4.16,3.23,113.67
15,171.73,103.92,103.74,4.43,2.78,112.98
750,171.69,104.05,103.73,3.87,3.21,113.56
137,171.6,104.02,103.9,4.2,3.15,113.15
821,172.29,104.04,103.94,3.81,3.0,113.6
670,172.27,104.29,104.22,3.89,3.53,113.5
427,171.82,103.64,104.21,4.08,3.0,112.97
517,171.53,103.69,103.51,3.97,3.08,112.71
326,171.42,103.47,103.82,4.35,3.05,112.7
147,172.35,103.72,103.67,4.2,3.07,112.87
1307,171.68,104.24,104.0,4.49,3.24,112.18
1239,171.99,104.02,104.06,5.34,3.61,112.12
1247,171.57,104.04,104.14,5.27,3.42,112.68
117,172.11,104.36,104.01,4.14,3.17,112.59
929,172.13,104.1,103.69,4.39,2.86,113.06
1395,171.5,104.28,104.22,5.2,3.24,111.56
680,172.03,103.87,103.4,4.29,3.01,113.09
157,171.88,104.04,104.08,3.8,3.01,113.6
1048,172.16,104.24,104.47,6.08,3.49,111.59
612,171.95,103.35,103.76,3.85,3.29,113.07
1030,171.96,104.45,104.48,5.31,3.42,111.75
266,171.95,103.94,103.8,4.1,3.41,113.38
1355,171.68,103.89,103.7,5.97,3.03,109.97
1224,171.74,104.52,104.23,5.59,3.61,112.14
500,171.95,104.11,103.87,4.2,2.81,113.52
260,172.27,103.71,103.64,4.64,2.67,113.63
1021,171.91,104.2,103.57,4.53,3.52,111.14
1035,172.05,104.37,104.14,5.38,3.27,111.14
232,171.34,104.26,104.06,3.77,3.2,113.91
556,171.83,104.54,103.91,4.11,3.05,113.55
1399,171.81,104.44,104.23,5.29,3.39,111.64
1005,171.88,104.3,104.18,5.34,3.33,112.69
1236,172.57,104.13,104.19,5.1,3.45,112.18
1137,171.77,103.98,103.76,5.16,3.38,111.07
1254,171.15,104.09,104.3,6.49,3.2,111.61
1094,172.13,104.4,103.43,4.44,3.65,111.17
539,171.87,103.75,103.55,3.86,2.82,113.38
284,171.92,103.83,103.76,4.179736083956641,3.23,113.29
555,172.07,104.18,104.1,4.47,2.7,113.99
728,171.94,104.11,104.16,4.08,3.35,111.76
336,171.8,103.96,103.87,3.97,2.65,112.68
299,171.68,103.77,103.82,4.24,2.86,113.6
478,171.71,104.49,103.54,3.77,3.2,113.43
167,172.2,104.06,103.97,4.16,3.17,112.47
285,172.27,103.78,103.86,4.25,2.86,112.73
83,172.52,104.32,103.86,3.7,3.14,113.36
26,171.83,103.44,103.7,4.15,3.1,113.47
910,171.84,104.03,103.88,4.31,3.18,113.07
519,172.13,103.76,103.33,4.37,3.48,113.34
1343,171.62,104.14,104.45,4.94,3.66,111.93
1107,172.12,104.18,104.31,5.36,3.31,111.43
1205,171.92,103.9,104.58,5.56,3.5,110.59
965,171.42,104.79,104.16,3.45,3.16,112.64
244,171.57,104.09,103.58,3.99,3.23,112.98
486,171.95,104.39,103.59,4.69,2.81,113.65
1459,171.78,104.31,103.82,6.19,3.25,111.14
1089,171.13,104.13,104.26,3.86,3.69,111.52
768,171.69,103.91,103.26,4.04,3.22,113.56
731,171.97,103.69,104.17,4.32,3.0,112.82
1317,171.99,104.28,104.32,4.71,3.45,112.18
686,172.41,104.14,104.06,4.45,2.94,113.98
1361,171.95,104.47,104.34,5.92,3.1,113.17
489,171.98,104.36,103.44,4.19,3.2,112.92
494,172.08,104.19,104.03,4.11,2.99,113.5
532,171.73,103.77,103.95,4.25,3.08,112.75
947,171.9,104.08,103.94,4.17,2.97,113.05
154,172.08,103.95,103.7,3.76,2.97,113.52
795,171.9,103.81,103.8,4.15,3.01,112.82
683,172.59,104.22,104.01,4.47,2.95,113.19
70,171.81,103.84,103.66,4.35,2.93,112.97
1418,171.79,104.64,103.74,5.97,3.26,111.86
203,172.33,104.18,104.04,4.29,2.99,114.08
200,171.97,104.01,103.41,3.8,2.96,112.85
27,171.88,103.92,103.74,4.02,3.17,113.76
1220,171.91,104.13,104.24,5.28,3.19,112.31
272,171.6,104.22,104.11,4.25,3.29,113.4
1140,172.15,104.26,104.2,5.5,3.49,112.33
438,172.07,104.07,103.67,3.82,3.17,113.91
62,171.42,103.82,103.84,4.01,2.96,113.16
1129,171.68,104.04,104.68,5.32,3.56,111.04
1365,171.74,103.96,103.47,5.14,3.3,111.4
1259,172.2,104.45,104.02,4.81,3.58,111.2
839,172.09,104.2,103.85,4.87,3.04,113.24
1322,172.07,104.5,104.23,6.19,3.07,111.21
1124,171.88,103.92,104.27,6.7,3.11,110.93
533,172.33,103.73,103.8,3.77,2.86,113.58
36,171.8,104.28,104.06,4.47,3.29,113.93
227,171.69,103.8,104.1,4.32,2.69,113.52
1230,171.92,104.43,103.77,5.79,3.11,111.03
1440,171.53,104.41,103.85,4.64,3.39,111.94
790,171.55,104.05,104.05,4.29,2.99,113.37
386,172.16,103.56,103.64,4.24,3.01,113.38
1059,172.15,104.41,104.4,5.64,3.25,111.05
1233,172.13,104.35,104.0,5.69,3.3,111.92
621,171.99,103.69,103.51,3.9,3.02,113.04
240,171.86,103.6,104.09,3.9,2.8,113.18
1234,171.95,104.0,103.88,5.8,2.96,111.79
609,172.53,103.47,103.99,3.84,2.71,112.74
1109,172.03,104.16,104.31,5.46,3.24,112.82
510,171.87,103.87,104.27,4.44,2.94,112.95
491,172.6,104.83,103.56,4.1,2.94,113.38
943,171.79,103.56,103.77,4.15,2.8,112.67
543,172.3,103.98,103.72,4.28,3.01,112.97
955,172.37,104.06,103.69,4.09,2.87,113.68
1055,171.74,104.07,104.08,5.06,3.52,111.76
966,171.92,104.57,104.17,4.09,2.88,113.12
370,172.1,103.99,104.02,4.19,3.21,113.12
651,171.62,103.49,103.58,3.95,3.0,113.1
817,172.21,103.96,103.55,3.91,2.73,113.36
963,172.09,103.65,103.25,3.96,2.85,113.2
413,172.3,103.66,103.5,4.160538508740345,3.16,112.95
874,172.22,103.75,103.91,4.5,3.19,113.06
1368,171.65,104.32,104.38,5.65,3.24,112.3
183,171.94,103.97,103.84,3.95,3.05,112.88
619,172.26,104.06,103.99,4.03,2.84,113.14
196,171.99,103.98,103.73,4.34,3.2,113.05
879,172.34,104.14,104.06,4.11,3.01,113.78
835,172.15,104.08,104.1,4.34,2.78,113.33
571,171.95,103.76,103.99,3.25,2.78,113.2
331,172.4,104.17,104.09,4.46,3.02,113.16
1250,172.27,104.18,103.78,5.58,3.25,112.38
131,171.27,104.14,103.78,3.91,2.69,112.81
725,171.73,103.6,103.34,3.82,3.15,112.89
176,171.75,103.63,102.97,4.46,2.77,113.22
1494,171.57,104.14,104.14,5.41,3.23,111.76
235,171.77,103.62,103.32,3.9,3.17,113.45
819,172.2,104.01,103.74,4.06,3.17,112.94
91,172.08,104.01,104.5,4.3,2.97,113.05
1020,171.14,104.31,104.3,5.46,3.29,111.57
144,171.8,104.31,103.78,3.79,3.12,112.78
29,171.58,103.59,103.79,4.1,2.92,113.56
1168,171.83,103.56,103.76,5.56,3.49,110.7
362,171.62,103.4,104.05,3.53,2.96,112.72
1114,172.1,104.1,104.2,5.16,3.16,111.85
473,172.26,104.08,103.86,3.93,3.01,113.44
867,172.12,104.32,103.19,4.04,3.28,113.11
1154,172.32,103.95,103.94,4.23,3.31,111.41
714,172.03,104.69,103.87,4.17,2.79,112.85
1145,171.79,103.81,103.97,5.86,3.2,111.04
1341,171.94,104.21,104.1,4.28,3.47,112.23
807,171.36,103.61,103.96,3.97,3.22,113.45
434,172.04,103.82,103.99,3.88,3.14,113.23
1201,171.85,104.12,103.69,4.86,3.5,111.55
531,172.22,104.0,103.98,3.99,3.41,112.94
323,171.91,103.83,103.68,4.05,2.86,113.41
1325,171.83,104.39,104.17,5.51,3.33,113.64
778,171.92,103.6,103.92,4.33,3.02,113.16
546,171.73,103.76,103.91,4.28,3.17,113.09
1206,171.73,104.09,104.47,4.81,3.46,112.3
876,172.18,103.85,103.67,3.83,2.96,113.09
649,171.59,104.06,103.99,3.93,3.24,112.8
224,172.12,103.2,103.92,4.46,3.26,113.44
862,172.08,103.78,103.13,3.44,2.88,113.22
192,171.78,103.74,103.55,3.86,2.87,113.41
561,172.25,103.71,103.97,3.93,3.0,113.38
151,172.07,103.8,104.38,4.410456632466747,3.02,112.93
14,172.06,103.87,103.83,4.09,2.92,113.19
45,171.42,104.65,103.63,3.99,3.05,113.08
143,172.04,103.82,103.79,4.07,3.2,114.13
420,171.89,103.99,103.45,4.12,3.1,113.0
659,171.84,103.75,103.38,4.08,2.7,113.72
1116,172.26,103.9,104.12,4.99,3.42,111.27
211,171.78,103.52,103.69,4.31,2.85,113.59
579,172.03,104.19,104.01,3.99,3.04,113.15
1090,172.11,104.88,104.1,4.8,3.73,110.78
1097,172.51,104.43,104.17,5.11,3.08,111.7
726,171.79,103.74,103.48,4.6,2.8,113.35
1282,171.8,104.14,104.26,5.67,3.35,111.46
1313,171.83,104.12,104.01,5.59,3.2,112.53
1391,172.36,104.01,104.41,5.23,3.07,110.71
1428,172.39,104.04,104.32,5.09,3.55,111.82
998,171.44,103.96,103.92,3.68,2.89,113.21
356,171.93,103.58,104.02,4.14,2.86,113.47
297,172.12,103.9,104.32,3.83,3.03,113.56
1235,172.27,103.87,104.35,5.58,3.52,112.32
180,171.8,104.17,103.74,4.03,2.92,113.04
823,171.86,103.78,103.5,3.88,3.08,113.62
568,172.05,104.11,104.07,3.6,2.78,112.93
1095,171.83,104.11,103.92,5.63,3.21,112.18
908,172.22,104.05,103.86,4.68,3.05,113.04
774,172.0,103.69,103.91,4.12,3.33,112.84
1280,171.74,104.02,104.22,5.33,2.94,112.26
59,171.88,103.91,103.88,4.05,3.16,113.24
1489,172.11,104.14,104.15,4.84,3.28,110.98
308,171.87,103.99,104.02,4.23,3.02,113.0
1062,171.65,104.19,103.96,5.37,2.99,112.86
268,171.47,104.3,104.01,4.32,2.68,113.07
1214,171.87,104.26,103.99,4.87,3.6,110.48
695,172.1,103.98,103.86,4.47,3.06,113.0
1350,171.38,103.78,103.7,5.22,3.43,111.6
1330,171.89,104.32,103.94,5.64,3.3,111.56
653,172.53,103.99,103.55,4.5,3.1,113.03
40,172.44,103.96,104.55,3.73,2.86,113.16
231,172.76,104.22,104.0,4.2,3.27,113.69
380,171.95,104.08,103.91,4.16,2.91,113.26
645,171.73,103.82,103.85,3.97,3.12,112.85
384,171.65,103.5,103.24,3.82,2.56,112.98
1347,171.72,104.46,104.12,5.726993003890449,3.61,110.31
295,172.34,104.54,103.56,4.04,3.42,112.93
259,172.35,103.62,103.78,4.38,2.86,113.28
121,172.23,104.12,103.75,3.91,3.02,113.02
482,172.35,104.2,103.75,3.7,2.96,113.05
101,171.55,103.35,103.69,4.31,3.19,113.42
1017,171.81,104.37,104.18,5.9,3.52,110.95
979,172.0,103.76,104.07,4.36,2.59,113.64
1023,172.02,104.26,104.2,6.2,3.58,111.25
1316,172.4,104.55,104.22,5.18,3.51,111.94
1215,171.88,104.14,104.42,4.34,3.18,111.38
615,171.95,103.77,103.81,4.13,3.09,113.24
596,172.24,104.51,103.9,4.06,2.88,112.58
1158,172.11,104.1,104.18,4.52,3.21,111.45
999,171.56,104.07,103.58,3.55,3.02,112.96
1302,172.08,103.98,104.23,4.99,3.31,112.19
655,172.09,104.06,103.9,3.97,3.32,113.09
991,172.21,104.42,103.53,4.48,3.05,113.11
836,172.52,103.98,103.74,4.66,3.19,113.44
1036,171.58,104.13,104.67,5.86,3.52,112.47
207,172.3,104.34,103.93,3.98,3.33,113.08
42,172.1,103.73,103.33,3.72,3.02,113.5
863,171.97,104.0,103.37,3.86,3.21,112.87
989,171.68,103.9,103.68,3.78,2.74,113.6
1225,172.03,104.15,104.24,5.12,3.3,112.36
406,171.82,103.72,104.18,4.22,2.8,113.39
1033,171.72,104.06,103.8,5.69,3.64,111.77
1229,171.94,103.88,104.1,6.05,3.39,111.52
314,172.1,104.16,104.18,4.03,3.08,112.65
523,172.13,103.57,103.8,4.4,3.16,113.75
1364,171.69,104.18,104.28,5.62,3.23,110.53
902,171.5,104.27,104.04,3.97,3.37,112.98
105,171.85,103.66,103.9,4.16,2.98,112.91
632,171.66,104.17,104.16,4.75,2.94,113.52
840,172.48,103.71,103.79,3.91,2.96,112.49
212,171.59,104.06,103.85,4.41,3.29,113.49
554,171.61,103.76,103.89,4.02,3.17,112.81
803,171.87,103.27,104.5,3.85,3.03,113.19
342,171.78,103.94,103.84,3.55,2.97,113.13
818,172.15,104.13,103.52,4.0,3.09,112.93
1382,171.97,104.85,104.52,5.87,3.56,110.98
367,171.73,104.17,104.02,3.64,2.64,112.72
215,172.05,104.08,103.66,4.49,3.24,113.23
223,171.97,104.05,103.82,4.09,2.88,112.67
665,172.57,104.65,104.44,4.54,2.99,113.16
850,172.19,103.77,103.39,4.17,3.17,113.14
600,172.2,103.82,103.74,4.22,3.03,113.69
1310,171.92,104.84,104.6,5.96,2.92,110.69
204,171.88,103.83,103.31,4.36,3.07,113.83
701,172.03,103.64,103.59,3.63,3.04,112.96
599,172.31,103.93,103.32,4.73,2.85,113.23
1275,171.82,103.97,103.88,4.73,3.55,111.87
973,172.41,104.1,103.9,4.06,3.14,112.61
880,171.71,104.31,104.1,4.54,3.12,113.11
6,172.34,104.18,103.85,4.58,3.26,112.81
145,171.65,103.59,103.83,3.97,3.12,113.04
1223,172.24,104.31,104.66,4.2,3.61,112.37
913,171.98,103.75,103.83,4.39,3.32,112.97
824,172.1,104.09,103.83,4.49,3.25,113.37
1270,171.26,104.22,104.07,4.78,3.81,112.88
844,171.62,104.14,104.49,4.371811470985094,2.99,113.35
1221,172.27,104.06,104.24,5.43,3.35,110.29
611,171.8,103.68,103.49,4.298047094105357,3.3,112.84
190,171.95,103.73,103.77,4.09,3.02,113.6
318,172.22,103.51,103.99,3.67,3.06,112.86
112,171.8,104.22,103.74,3.66,3.08,113.53
1300,171.38,104.13,104.22,5.67,3.46,112.48
269,171.88,103.93,103.72,4.88,3.26,113.11
1380,171.58,103.87,104.07,4.67,3.51,111.53
899,172.39,103.98,104.05,4.26,2.98,113.41
408,172.18,103.56,104.39,3.75,3.06,113.46
127,171.93,103.98,104.07,4.41,2.96,113.02
866,171.67,103.76,103.59,3.82,3.17,112.77
474,172.29,103.78,103.76,4.7,3.05,113.2
1495,171.75,104.38,104.17,4.42,3.09,111.28
1079,172.17,104.33,104.24,4.93,3.43,112.06
906,172.32,103.97,104.33,4.06,3.08,113.73
88,171.93,103.65,103.56,4.12,2.77,112.95
950,172.4,104.09,103.74,3.74,3.13,113.46
1112,172.06,104.28,104.31,5.61,3.27,111.61
506,171.82,104.27,103.55,4.21,3.2,113.28
1189,172.18,104.53,104.14,5.97,3.18,111.11
1468,172.21,103.88,104.65,4.82,3.58,111.11
1067,171.37,104.08,104.16,5.55,3.55,111.56
1469,172.37,104.52,104.37,5.36,3.26,111.27
711,172.43,103.6,104.12,4.57,3.08,112.95
84,171.85,103.91,103.91,4.5,3.21,113.09
757,172.44,104.06,103.79,4.28,3.16,113.31
113,171.82,104.23,104.05,4.21,3.2,112.89
206,172.18,103.68,103.14,4.16,3.18,113.93
445,172.34,104.42,103.22,4.177420257623254,3.01,112.97
1136,172.41,104.32,103.93,5.82,3.36,112.36
19,171.9,103.67,103.15,4.55,3.15,113.12
752,171.45,104.21,104.19,3.91,3.01,113.11
1351,172.1,103.98,104.28,5.78,3.16,111.09
37,171.73,104.1,104.19,3.39,3.19,112.79
1044,171.55,104.18,103.83,4.46,3.42,111.6
75,172.26,103.85,103.7,4.16,3.2,112.35
1476,171.43,104.46,103.95,5.13,3.05,111.2
1471,171.93,104.58,103.73,5.28,3.36,112.41
1480,171.64,103.92,104.66,5.71,3.38,112.33
1043,172.05,104.29,103.8,4.94,3.27,111.33
578,172.53,103.8,103.82,4.64,3.28,113.54
81,171.85,103.87,103.27,4.09,2.95,113.09
1366,171.83,104.18,104.26,5.0,3.6,111.55
551,171.56,103.44,104.09,4.41,2.97,113.59
666,172.38,103.55,103.8,3.97,2.9,113.3
1118,171.38,104.52,104.22,4.58,3.41,111.84
1401,171.62,104.32,104.76,4.92,3.41,112.4
332,171.95,103.44,103.8,4.08,3.19,112.43
927,172.18,104.65,103.81,3.95,3.07,113.03
577,172.01,103.62,103.26,4.91,2.86,113.16
358,172.04,103.95,104.09,4.48,2.61,112.94
1387,171.8,103.97,103.93,5.39,3.07,111.22
25,172.09,103.63,103.33,4.32,2.88,113.46
359,171.36,103.59,103.68,4.44,3.32,113.23
1406,171.54,103.98,103.96,5.57,3.09,111.88
60,172.24,104.03,103.86,3.71,3.01,113.03
946,171.63,103.87,104.66,4.710532866230679,3.27,112.68
806,171.91,103.99,103.76,3.62,3.04,113.0
1050,171.96,104.24,103.75,5.5,3.29,111.08
1187,171.52,104.18,103.99,5.93,3.26,110.87
634,172.2,103.93,103.49,3.8,2.99,113.63
1497,171.8,104.01,104.12,5.51,3.36,111.95
257,172.19,104.03,104.25,4.17,2.81,112.94
1096,172.34,104.36,103.82,4.92,3.47,111.33
72,171.94,103.89,103.45,4.318524662668899,3.25,112.79
11,171.84,104.59,104.0,3.88,3.27,113.08
469,172.36,104.34,103.7,4.22,3.08,112.96
1007,171.83,104.13,104.52,4.94,3.27,111.72
916,171.64,103.9,104.07,3.6,3.39,113.18
273,172.19,104.05,103.54,3.8,3.24,112.84
1157,172.09,103.7,104.27,5.53,3.51,112.2
493,172.55,103.97,104.04,4.25,3.34,113.36
990,171.74,103.9,103.6,3.87,2.89,113.36
1435,172.66,104.33,104.41,5.18586213556712,3.56,111.47
1052,172.13,104.09,104.16,5.45,3.38,111.79
1301,171.33,104.28,104.19,5.72,3.25,111.99
970,172.06,104.45,103.73,4.18,3.5,113.36
1204,171.96,104.01,104.54,5.21,3.31,111.35
1231,171.75,103.96,104.15,4.84,3.32,111.76
504,171.68,103.95,103.6,3.98,2.93,113.22
141,171.52,104.11,104.23,4.73,3.08,113.33
355,172.3,103.82,104.09,4.18,3.22,113.23
761,172.16,103.93,103.04,4.14,2.99,113.26
924,172.45,103.99,104.39,3.43,2.66,112.93
1100,172.29,104.09,103.92,4.51,3.54,110.94
529,172.16,104.17,103.27,4.1,3.11,113.08
1373,171.69,104.17,104.37,5.31,3.54,111.89
4,171.73,104.28,103.46,4.04,3.48,112.54
1303,172.17,104.49,103.76,5.047569666320456,2.93,111.21
1018,171.79,104.18,103.87,5.55,3.25,111.88
733,172.1,103.94,103.75,3.66,3.2,113.78
1181,171.26,104.02,103.93,5.6,3.12,112.48
601,171.74,103.25,104.07,3.8,2.95,113.07
1478,172.36,103.93,104.0,6.08,3.76,112.89
900,171.65,103.84,104.25,3.56,3.22,113.63
236,171.85,104.1,104.16,4.18,3.06,113.19
1400,172.03,104.46,103.8,5.59,3.56,111.86
853,171.74,104.0,103.83,3.95,3.03,114.15
704,171.75,103.6,103.4,4.02,2.84,112.9
1441,171.63,104.55,103.81,6.56,3.1,111.87
968,172.06,103.56,103.76,3.83,3.05,113.42
64,171.79,103.91,103.94,3.44,2.96,113.39
838,171.72,103.96,103.19,3.81,2.83,113.27
1178,172.21,104.5,104.46,4.92,3.34,112.12
301,171.46,103.83,103.95,4.21,3.15,113.59
265,172.15,104.02,103.94,3.96,2.87,112.38
1390,171.43,104.26,103.91,5.14,3.53,111.9
1427,172.27,104.39,104.5,5.09,3.11,112.51
261,171.99,103.75,103.53,3.79,2.81,112.52
1061,172.02,104.06,104.16,4.74,3.35,110.94
390,171.66,103.65,103.44,3.26,2.99,112.89
932,171.77,104.27,103.94,4.34,2.87,113.21
85,171.98,104.32,103.71,4.25,3.06,113.46
1113,171.84,104.52,104.19,4.6,3.47,110.64
28,172.02,104.18,104.16,3.97,3.23,113.64
1326,171.75,104.36,104.02,6.0,3.13,111.79
1150,171.79,104.86,104.34,5.39,3.14,113.02
103,172.0,104.14,103.98,3.87,3.12,113.5
1329,172.5,104.07,103.71,3.82,3.63,110.74
785,172.19,103.42,103.61,4.18,3.12,112.74
942,172.1,104.17,103.78,4.61,2.84,113.35
1210,172.29,104.43,104.8,4.86,3.3,111.53
1222,171.69,104.51,103.81,5.02,3.42,112.08
1487,171.3,104.49,103.89,4.88,3.17,111.51
716,171.77,103.92,103.9,4.61,2.95,112.95
808,172.16,104.36,104.02,4.11,2.97,113.55
398,171.87,104.29,103.53,3.91,2.89,112.91
513,171.77,104.19,103.69,4.17,2.85,112.89
222,171.79,103.88,103.7,4.1,3.12,113.42
1019,172.16,104.03,104.44,5.33,3.33,111.21
175,172.13,104.26,103.88,3.97,3.0,113.11
574,172.35,104.13,103.58,4.75,3.19,113.42
146,172.38,103.72,103.88,4.36,3.05,113.19
708,171.99,104.03,103.43,4.08,2.98,113.28
264,171.75,104.12,104.1,3.85,3.24,113.3
560,172.09,104.02,103.79,3.8,3.28,112.98
524,172.09,103.61,103.9,4.58,3.26,112.88
957,172.24,103.8,104.36,4.18,2.99,113.81
56,171.25,104.23,103.93,4.36,2.68,113.5
1377,172.3,104.18,104.54,5.04,3.35,111.11
99,171.93,104.07,104.18,4.393667552320522,3.14,113.08
1182,172.05,104.15,104.56,5.35,3.56,111.2
1092,171.87,104.76,104.02,6.3,3.61,111.29
450,172.01,104.11,103.13,4.53,2.96,113.45
712,172.09,103.68,103.99,3.74,3.28,113.27
1219,172.23,103.81,104.13,5.24,3.17,110.91
779,172.13,103.34,103.62,3.93,2.86,113.66
662,171.83,103.76,103.76,4.4,2.88,113.84
286,172.04,103.99,104.12,4.2,3.02,113.16
122,171.81,103.22,103.92,3.99,3.06,113.32
1473,171.76,104.04,104.12,6.29,3.2,112.87
194,171.94,104.34,103.99,4.27,2.87,113.14
1439,171.65,103.94,104.19,4.67,3.32,110.95
1357,171.91,103.91,103.98,4.78,3.65,111.41
656,172.07,103.97,103.84,4.05,3.12,113.18
678,172.15,103.65,103.66,3.6,3.5,113.24
679,171.75,104.16,104.0,4.19,3.03,113.55
572,171.83,103.8,104.22,4.66,2.76,113.25
1479,171.55,103.76,104.21,5.11,3.01,111.48
465,171.55,103.5,104.51,4.61,2.95,113.31
34,172.29,103.61,104.44,4.54,2.69,113.48
687,172.02,104.23,104.26,4.92,2.89,113.49
975,172.43,104.04,104.26,4.56,3.24,112.82
1436,171.76,104.03,103.85,5.79,3.37,111.3
41,172.08,104.19,103.82,3.99,3.21,113.2
53,171.71,103.99,103.47,4.49,3.04,113.07
1417,171.21,103.92,104.29,5.18,3.12,111.7
557,171.24,103.81,103.74,4.69,3.29,113.53
366,171.72,104.15,103.75,4.1,2.99,113.24
97,171.86,103.6,103.99,3.65,3.15,113.56
381,171.75,103.95,103.36,4.57,3.25,113.08
306,172.1,103.93,103.43,3.96,3.13,113.38
425,171.91,103.97,103.98,4.23,3.01,112.98
1141,171.98,103.81,104.35,4.57,3.52,111.73
1217,171.63,104.61,104.29,5.31,3.14,111.51
353,172.21,103.8,103.23,3.7,2.98,112.95
565,172.23,104.0,103.35,4.43,2.95,113.12
1369,171.94,104.56,104.25,4.6,3.37,110.64
1488,171.78,103.93,103.93,5.88,3.19,111.07
58,171.88,104.12,103.86,4.07,3.41,113.5
842,172.89,103.77,104.24,4.12,3.01,113.72
801,172.19,103.84,104.62,4.14,3.21,113.45
1073,172.13,103.67,103.82,4.27,3.22,112.15
858,172.3,104.18,104.1,4.52,3.02,113.02
667,171.58,103.65,103.37,3.54,3.19,113.38
402,172.3,104.23,104.03,4.12,3.06,113.23
1237,171.72,104.05,104.36,5.4,3.75,111.59
289,172.08,104.4,103.94,4.22,2.97,113.08
650,172.32,104.16,104.14,3.78,3.25,113.38
773,172.03,103.93,103.53,4.43,3.1,113.37
405,172.4,104.26,103.83,4.31,3.01,112.82
393,171.96,104.19,104.14,4.3,3.04,113.48
90,171.81,103.76,103.61,4.31,3.08,112.74
847,172.14,104.07,103.83,3.79,3.14,113.85
1362,171.56,103.8,103.87,5.66,2.98,112.95
1098,171.32,104.28,104.36,5.08,3.69,112.09
363,172.4,104.32,103.6,4.13,2.92,113.4
335,172.33,103.81,103.67,4.58,2.87,113.2
1130,171.56,104.29,104.19,5.23,3.63,112.94
1394,172.0,104.17,104.44,4.72,3.4,111.17
919,171.92,103.68,103.45,3.746332646473128,2.58,113.68
502,171.7,103.79,103.98,4.44,3.03,113.94
828,172.92,103.55,103.94,4.78,3.27,113.55
256,171.85,103.65,103.55,4.48,3.31,112.89
466,171.98,103.77,103.91,4.75,3.05,113.38
216,171.74,104.43,103.09,4.23,3.15,113.19
1,171.46,103.36,103.66,3.77,2.99,113.09
826,172.21,103.95,103.74,3.79,2.99,113.51
1103,171.88,104.05,103.75,4.41,3.21,112.52
490,172.13,103.71,103.6,3.59,3.12,113.8
891,172.16,103.63,103.59,4.25,3.38,113.58
961,171.79,103.77,104.0,4.1,3.05,112.67
1209,172.25,104.18,104.23,5.11,3.37,111.17
1186,171.56,104.34,104.43,5.92,3.66,111.87
241,171.83,104.14,104.06,4.650617097188871,3.02,112.36
126,172.22,104.07,103.98,4.01,2.83,112.92
1374,172.02,103.9,104.1,5.92,3.19,111.46
598,171.67,103.88,103.94,4.2,2.93,112.84
898,171.95,103.65,103.9,3.98,3.2,112.68
721,171.65,103.95,103.61,4.03,3.25,113.06
1426,172.22,103.92,104.03,6.25,3.14,110.89
1336,171.79,104.05,104.3,5.02,3.44,112.01
669,172.14,104.34,104.2,4.63,3.02,112.47
613,172.45,104.52,103.72,4.12,3.34,113.06
189,172.18,104.02,103.54,4.17,3.49,113.64
239,171.85,104.07,103.9,4.8,3.46,113.73
793,172.47,104.46,103.41,4.4,2.99,113.36
453,172.54,104.05,103.78,4.34,2.93,114.14
271,172.06,104.21,103.88,4.63,3.22,113.7
1360,171.98,104.44,104.26,5.75,3.2,110.93
875,171.94,104.09,103.28,3.98,3.13,113.53
581,172.51,103.57,104.27,3.72,3.33,113.47
984,171.63,103.7,103.63,4.21,3.25,112.76
1272,171.73,103.74,104.38,5.14,3.16,111.73
275,171.81,104.17,103.72,4.17,3.05,112.49
98,171.54,103.75,103.62,4.59,2.85,113.44
495,171.81,103.93,103.43,4.61,2.95,113.46
870,172.14,104.34,103.98,3.84,2.98,113.05
509,171.4,103.96,103.85,4.15,2.81,113.45
1164,171.5,104.52,104.19,4.84,3.12,110.37
713,171.56,103.92,103.5,4.41,2.66,113.55
1276,172.47,104.27,104.1,4.88,3.33,110.68
693,172.0,104.32,104.26,4.53,3.04,112.93
1309,172.0,104.45,104.19,5.5,2.99,111.99
1492,172.01,103.97,104.4,5.52,3.31,111.18
1246,171.76,104.14,104.54,5.14,3.41,111.5
1213,171.76,104.13,104.19,5.22,3.55,111.9
357,172.33,103.64,104.15,4.39,2.93,112.43
623,171.85,104.33,104.03,4.23,3.19,112.46
1379,172.15,104.23,104.41,5.47,3.37,112.53
43,172.4,103.41,103.85,4.01,3.15,113.45
52,171.64,104.18,103.78,3.49,3.74,113.94
234,171.97,103.55,104.2,4.21,3.12,113.2
71,171.84,103.59,103.98,4.09,3.05,113.09
1331,172.32,104.6,104.83,4.84,3.51,112.55
267,171.48,103.27,103.42,3.84,3.04,113.56
139,172.46,103.81,103.52,4.05,3.16,112.6
1363,172.0,104.46,104.3,5.27,3.37,111.85
1340,172.04,104.34,104.48,4.88,3.28,112.15
763,172.41,104.43,103.65,3.97,3.35,113.71
1438,171.9,104.28,104.29,5.140042692750448,3.24,111.49
981,172.02,104.23,103.72,4.137780220605883,2.99,113.37
1311,171.78,104.07,104.16,5.77,3.3,111.27
129,172.0,104.05,103.67,4.02,3.18,113.4
1000,172.28,103.95,103.91,4.78,3.31,111.4
1049,171.69,104.09,104.49,5.28,3.51,112.68
38,172.0,103.76,104.27,4.42,3.29,112.67
1024,171.52,104.05,104.31,4.24,3.7,112.6
1074,172.14,104.49,103.76,4.36,3.24,110.36
962,172.12,103.64,103.65,4.23,3.18,112.67
228,172.5,104.54,103.78,3.99,3.1,112.82
772,172.12,103.95,104.08,4.5,3.06,113.18
1474,171.7,104.42,104.04,4.75,3.32,111.63
1410,171.96,103.86,103.86,5.06,3.55,110.44
310,172.47,103.87,104.16,4.63,3.18,112.98
949,172.02,103.89,103.93,4.14,3.18,113.75
1425,171.94,104.36,104.01,5.14,3.35,111.83
1135,171.81,104.17,103.93,4.77,3.34,110.8
503,172.46,103.51,103.85,4.23,3.14,113.38
158,172.05,103.88,103.76,4.2,3.15,113.94
1403,171.53,104.25,104.17,4.3,3.5,112.23
31,171.98,104.33,103.61,3.68,3.14,113.41
1015,171.86,104.51,104.29,5.97,3.54,110.76
1012,171.37,103.73,104.18,4.97,3.34,110.98
658,172.19,104.05,103.81,3.9,3.22,113.52
230,172.32,103.22,104.0,4.01,3.08,112.87
883,171.73,104.38,103.26,4.0,3.04,112.72
1126,171.84,104.06,104.1,4.87,3.25,111.04
743,172.3,104.58,104.17,4.36,3.33,112.98
1085,171.39,103.51,103.5,5.52,3.45,111.54
263,172.06,103.92,103.42,4.28,3.0,113.41
1208,171.96,104.38,103.82,5.19,3.32,111.68
996,172.16,103.72,103.61,4.3,2.72,113.51
328,172.05,103.79,104.17,4.08,3.12,112.77
715,172.36,104.11,103.31,4.04,2.98,113.37
369,172.46,103.64,103.53,4.41,3.4,113.75
995,171.66,103.92,103.47,4.26,2.83,113.2
30,171.71,103.95,103.97,4.0,2.83,113.55
1125,172.04,104.26,103.87,5.21,3.49,112.09
23,172.56,103.85,103.62,3.32,3.13,113.37
1328,172.1,104.22,103.99,5.26,3.24,111.94
1010,171.43,103.85,103.94,4.37,3.23,111.71
837,172.18,103.6,103.76,3.59,2.75,112.24
901,171.83,104.08,103.7,3.28,2.88,113.56
732,171.52,103.92,103.66,3.81,3.15,113.54
1194,171.67,104.06,104.15,4.87,3.21,111.49
822,171.97,103.79,103.56,4.17,3.11,113.58
484,172.1,104.02,103.88,3.95,3.1,113.39
992,171.79,103.69,103.68,3.65,2.77,112.78
735,171.92,103.93,104.06,4.38,2.97,113.01
1402,171.89,103.79,104.17,5.11,3.4,111.76
449,171.92,103.91,103.93,4.34,2.91,112.4
226,171.84,103.81,103.83,4.33,2.86,113.14
116,172.23,104.18,103.71,3.93,3.32,113.48
1071,171.5,103.9,103.98,4.82,3.4,112.07
724,172.16,104.43,104.06,4.51,3.19,112.69
1346,171.94,104.37,104.14,5.37,3.46,111.94
1056,171.5,104.32,104.66,4.92,3.33,111.95
1344,171.43,104.14,103.95,5.34,3.14,111.76
647,171.71,103.83,103.51,3.8,3.02,113.01
1066,171.92,104.39,103.93,5.18,3.02,111.44
479,171.87,103.86,103.27,4.14,3.14,113.32
168,172.21,103.32,103.99,4.11,3.04,113.46
631,172.75,104.33,103.97,4.34,3.14,113.12
1037,172.09,104.24,103.83,5.1,3.37,111.69
729,171.04,103.84,103.64,4.22,3.36,112.7
1132,172.04,104.32,103.81,5.57,3.57,112.37
1232,171.9,103.94,104.59,5.04,3.23,111.57
1279,171.43,104.26,103.97,5.73,3.14,111.82
1432,171.96,103.92,104.23,5.0,3.35,111.16
1392,171.59,104.17,104.09,5.25,3.08,112.14
1022,172.89,104.03,104.03,6.03,3.0,110.95
1295,171.9,103.97,104.36,5.59,3.61,112.05
44,171.79,103.83,103.76,3.99,3.18,112.9
788,171.99,103.67,103.76,3.12,2.99,113.22
1475,172.03,104.48,104.33,5.66,3.01,112.15
1134,171.91,103.7,104.41,6.34,3.5,113.05
1383,171.75,104.16,104.16,4.23,2.99,111.83
254,172.17,104.21,103.87,4.35,2.98,113.66
294,171.52,103.97,103.81,4.08,3.07,112.74
534,171.76,104.04,103.88,4.18,3.21,113.15
210,172.12,103.76,103.66,4.27,2.95,113.4
616,172.51,104.23,103.85,4.74,2.91,112.81
319,172.05,104.11,104.14,4.73,2.73,113.3
872,171.66,104.42,103.5,3.76,3.2,112.94
1002,171.59,104.14,104.38,4.97,3.47,111.22
1298,172.0,104.36,104.16,4.94,3.25,111.82
1353,171.61,104.04,104.06,6.19,3.08,110.73
80,171.89,103.42,103.35,4.92,3.02,113.2
597,171.95,103.85,104.28,4.13,3.22,113.24
920,171.85,103.27,103.96,4.0,2.65,113.62
461,172.01,103.95,103.77,4.16,3.1,113.19
1184,171.97,103.95,103.73,5.15,3.24,110.87
1339,171.75,104.16,104.23,5.75,3.25,111.68
952,172.39,104.2,103.88,3.95,3.36,113.07
1014,171.73,103.99,103.86,5.55,3.33,111.28
1166,171.89,104.23,104.52,4.6,3.15,110.94
1139,171.32,104.2,104.09,5.67,3.19,112.02
549,171.89,104.22,104.18,4.11,2.89,113.53
982,171.43,104.52,103.42,4.05,2.82,113.02
1312,171.92,104.37,104.05,4.95,3.04,110.61
787,172.25,103.96,103.49,4.5,3.29,113.29
878,172.27,104.21,103.59,3.9,3.07,113.31
1063,171.44,103.99,104.04,4.81,3.49,111.74
1430,171.76,104.55,103.8,5.28,3.26,111.4
933,172.05,103.78,103.81,4.17,3.08,113.35
854,171.87,103.95,103.52,3.94,3.02,113.33
292,172.09,103.14,103.81,4.88,3.01,113.69
279,172.29,103.73,103.55,3.84,3.23,113.9
296,171.87,103.99,104.03,4.42,2.89,112.72
352,171.81,103.64,104.15,4.17,2.81,113.29
765,171.91,103.88,103.79,4.17,3.29,113.38
771,172.1,104.3,103.74,3.85,2.76,113.1
1207,171.71,104.12,104.14,4.84,3.38,111.68
748,171.99,103.91,103.79,4.05,3.11,113.67
110,172.07,103.72,103.44,4.03,2.9,113.55
674,172.04,103.94,103.76,3.81,3.24,113.41
940,171.9,104.11,103.69,3.68,3.08,112.74
233,172.26,104.16,103.2,4.55,3.35,113.23
253,172.07,104.33,104.33,4.41,3.39,113.39
1081,171.82,103.9,103.67,4.79,3.36,112.43
1263,171.59,104.05,104.4,5.05,3.45,111.14
1256,172.0,104.23,104.52,5.76,3.37,110.94
1315,172.08,104.15,104.17,4.7789671700239325,3.4,112.29
1429,171.49,104.64,104.25,4.31,3.49,112.0
1348,171.84,104.32,104.5,6.28,3.0,111.06
1196,171.94,104.04,104.27,4.75,3.16,111.61
762,172.02,104.01,103.57,4.5,2.77,112.72
505,172.01,103.97,104.05,4.0587638458244655,2.98,113.65
1120,171.48,104.46,104.24,4.94,3.61,110.8
811,171.56,103.81,103.8,4.24,3.35,113.8
1027,171.63,104.02,104.66,6.7,3.28,111.28
758,171.66,104.12,103.94,4.44,3.19,113.25
18,172.47,103.89,104.14,3.74,3.28,113.47
639,171.88,103.66,103.52,4.66,2.75,113.25
1255,171.9,104.22,104.09,5.28,3.18,112.16
1442,171.4,104.21,104.44,5.59,3.3,111.09
904,172.16,104.1,103.78,3.84,3.03,113.13
1080,172.23,103.83,104.29,5.61,3.47,111.72
67,172.33,103.97,103.66,3.97,3.07,112.97
617,172.36,103.89,103.67,4.34,3.07,113.75
781,171.93,104.34,103.72,3.78,2.93,113.52
432,171.47,104.46,104.3,4.12,3.06,113.59
1252,172.03,104.6,104.0,4.36,3.26,112.08
889,172.31,103.94,103.89,4.0,3.2,113.8
1054,172.39,104.16,103.92,5.66,3.39,111.83
344,172.53,103.97,103.28,4.61,3.41,113.25
583,171.68,103.84,103.98,3.52,3.01,113.45
861,171.86,104.21,103.74,4.43,2.9,113.65
794,171.88,103.84,103.87,4.18,3.54,113.31
1051,171.81,103.91,104.77,5.28,3.58,111.33
798,171.96,103.84,103.62,3.614305878750386,3.01,114.44
934,172.17,104.27,104.32,4.52,3.32,113.48
522,172.02,104.42,102.91,3.86,3.12,113.43
829,172.26,104.14,103.73,4.41,2.96,112.91
300,171.54,104.27,104.01,4.63,3.05,113.09
805,171.38,103.75,103.16,4.32,3.02,113.25
1026,171.88,103.85,103.96,5.1,3.31,112.64
477,171.95,104.25,103.64,3.24,2.81,113.42
1283,171.6,104.23,104.45,5.57,3.45,110.34
526,171.88,103.61,103.9,4.4,3.0,112.97
107,172.69,103.88,104.06,4.27,3.2,113.22
1299,172.11,104.24,104.06,5.61,3.6,111.76
558,171.81,103.79,103.94,4.14,3.08,112.62
1306,172.13,103.99,104.06,5.8,3.28,111.3
707,172.48,104.56,104.03,3.79,2.97,113.65
1160,172.39,104.05,104.32,4.13,3.41,112.66
446,172.51,104.53,103.5,4.51,3.07,113.21
636,171.13,104.28,103.14,4.16,2.92,113.0
440,172.45,103.87,104.4,3.75,3.05,113.62
567,172.13,104.08,103.64,3.93,2.82,112.85
57,171.66,103.75,104.07,4.01,2.98,113.47
1123,172.07,104.03,103.58,5.33,3.64,111.27
1011,172.09,104.44,104.24,4.9,3.13,111.93
49,171.82,103.82,103.61,4.42,2.9,113.02
1484,172.08,103.96,104.95,5.22,3.45,112.07
1286,171.93,104.24,103.71,5.48,3.16,111.84
1278,172.11,104.23,104.45,5.24,3.58,111.78
1149,172.02,104.08,104.01,4.63,3.28,111.03
1345,171.56,104.17,103.87,6.16,3.38,111.55
324,172.1,104.42,103.6,4.18,2.89,113.32
1349,171.53,104.03,104.05,5.77,3.22,111.93
1069,171.21,104.29,104.41,5.14,3.26,111.16
1122,172.09,104.15,104.17,4.15,3.4,113.85
734,171.35,103.7,103.43,3.71,3.22,113.28
587,171.74,103.72,103.52,3.94,2.77,113.09
1170,171.63,104.3,103.85,5.45,3.26,111.88
